{
    "extinct": false,
    "TIME_START": 1631014085.7603292,
    "time_end": 1631014086.8493736
}